Date,Real GDP,Unnamed: 2,Output gap,Potential GDP,Potential GDP growth,rstar,g,z,Adj. output gap,Unnamed: 10,Output gap.1,Potential GDP.1,Potential GDP growth.1,rstar.1,g.1,z.1,Adj. output gap.1
1961-03-31,3253.8,,-7.14716394120967,3504.254838204228,,5.60001975356148,4.25878623113968,0.0129504300482981,-7.14716394120967,,-6.46773196958509,3478.799422400328,,4.51840892429968,3.46170465277062,-0.022975128071925,-6.46773196958509
1961-06-30,3309.1,,-6.93267631996571,3555.598108071416,1.4651694079845876,6.15174457706053,4.66839130426349,0.0273174678777553,-6.93267631996571,,-6.01753670305447,3520.9760245851603,1.2123895937562044,4.5058578099148,3.4613045264669,-0.0350013197967653,-6.01753670305447
1961-09-30,3372.6,,-6.08079998308358,3590.9590364829965,0.9945142093339835,6.06552429569599,4.60117264408635,0.0292808364689974,-6.08079998308358,,-5.20551626911367,3557.8019598424435,1.0459013353157376,4.48819069129056,3.46010386481831,-0.0510932995197538,-5.20551626911367
1961-12-31,3438.7,,-5.11081372320189,3623.911359055269,0.9176468524838987,5.89654584175545,4.47796795995217,0.0219336722621631,-5.11081372320189,,-4.30883822051283,3593.539817108937,1.0044925959868782,4.46855544171774,3.45846896640029,-0.0685837382702832,-4.30883822051283
1962-03-31,3500.1,,-3.95184128507981,3644.1094205549743,0.5573552854496711,5.55175820781923,4.21919003022627,0.0166348396661476,-3.95184128507981,,-3.53969152794286,3628.539090784597,0.9739497948242531,4.45025130468391,3.45662140497008,-0.0844640734906833,-3.53969152794286
1962-06-30,3531.7,,-2.92125688326666,3637.974582914893,-0.16834943554321752,4.78982010221404,3.66107617274489,-0.0131179335638657,-2.92125688326666,,-3.06062474554506,3643.204828512341,0.4041774764116611,4.43778372316264,3.45484360108107,-0.0945993675872134,-3.06062474554506
1962-09-30,3575.1,,-2.23217566195228,3656.7245146404466,0.5153947972481593,4.56937611107403,3.50101429545259,-0.0235779630894381,-2.23217566195228,,-2.69674587589157,3674.1833890159814,0.8503107006555588,4.43376428365319,3.45413799615707,-0.0976931293539016,-2.69674587589157
1962-12-31,3586.8,,-1.73536830656406,3650.1434322677032,-0.17997205822846796,3.98635705006356,3.09123362591271,-0.0690088748252116,-1.73536830656406,,-2.52979113720369,3679.8936227262525,0.15541504344453405,4.43771530982733,3.45381716927015,-0.0933212128225511,-2.52979113720369
1963-03-31,3626.0,,-1.33340731375961,3675.002755523011,0.6810505865481392,3.96100482573732,3.06856359463949,-0.0646204572371897,-1.33340731375961,,-2.24099307291817,3709.1211479926587,0.7942491893217557,4.44913501582061,3.45491663720134,-0.0833438904609466,-2.24099307291817
1963-06-30,3666.7,,-0.906433442657203,3700.2402147652833,0.6867330699097889,3.93915988787107,3.04946919002466,-0.0614155906558182,-0.906433442657203,,-1.84243539556485,3735.524627955494,0.711852724927159,4.4623902197203,3.4562042263563,-0.0717778649981347,-1.84243539556485
1963-09-30,3747.3,,-0.392679312993664,3762.072881947151,1.671044677995045,4.32811888198218,3.31433001056137,-0.0199254961577217,-0.392679312993664,,-1.25236280667912,3794.8249765853243,1.5874704234592671,4.47494201030207,3.45768210391576,-0.061164890766434,-1.25236280667912
1963-12-31,3771.8,,0.211042312191125,3763.856669856375,0.04741502796991887,4.05433939433506,3.11687463653407,-0.0346647777188232,0.211042312191125,,-0.875286901315462,3805.1055908176495,0.2709114200459372,4.48709529961008,3.45804492724951,-0.0494875866353752,-0.875286901315462
1964-03-31,3851.4,,0.606961358426361,3828.1645206228322,1.7085626900057056,4.38481378897046,3.34240696381854,-6.45309845664147e-05,0.606961358426361,,-0.334169539813161,3864.3133581659213,1.5560085242088926,4.50122799435388,3.45939626054558,-0.0371276957832327,-0.334169539813161
1964-06-30,3893.3,,0.982325778423728,3855.427145283534,0.7121591695924911,4.30582720758189,3.30183172735969,-0.0258207677139042,0.982325778423728,,0.0428041886582378,3891.634217547633,0.7070042423960847,4.51346434524051,3.45962252902051,-0.0251881847910171,0.0428041886582378
1964-09-30,3954.1,,1.30772642996988,3903.0586701926595,1.235440928183392,4.42108322278289,3.3846648145509,-0.0192328507222038,1.30772642996988,,0.408693403818461,3938.005630745145,1.1915665914442923,4.52742804362268,3.46017222784177,-0.0119456321190953,0.408693403818461
1964-12-31,3966.3,,1.47559947905609,3908.6243593156787,0.14259814144029903,4.16635367369667,3.22953755070691,-0.0704521201127704,1.47559947905609,,0.638825985229914,3941.123081644561,0.07916319050122818,4.5421343514865,3.46027078303346,0.0026313819369941,0.638825985229914
1965-03-31,4062.3,,1.79053245246143,3990.842666922083,2.103510085599505,4.57927030372053,3.48681847996049,0.00493961212514002,1.79053245246143,,1.25513855945883,4011.944537130375,1.7969866461582715,4.55462771503073,3.46146300592077,0.0135606773268215,1.25513855945883
1965-06-30,4113.6,,2.14966959978051,4027.0321148535945,0.9068121936117923,4.57977895826302,3.48984068540544,0.00148345828928987,2.14966959978051,,1.83242394975593,4039.5778087631975,0.6887750161318963,4.55772173364953,3.46082866626276,0.0174868813270006,1.83242394975593
1965-09-30,4205.1,,2.51195042406675,4102.0583284236955,1.863064694551823,4.84579517244399,3.6616517170818,0.0421020844200905,2.51195042406675,,2.60925448702289,4098.168358227204,1.4504126975077543,4.55339770860694,3.46013016429878,0.014079215707868,2.60925448702289
1965-12-31,4302.0,,2.98313124166884,4177.383177352188,1.8362695724377383,5.0810400847242,3.81335574389156,0.0783276356802863,2.98313124166884,,3.4158348472323,4159.904531404683,1.5064333082739678,4.53711306606307,3.45802080436445,0.000561826447384686,3.4158348472323
1966-03-31,4406.7,,3.65024504092605,4251.509485829025,1.7744675393608877,5.34697396578993,3.95469280288712,0.158842502094423,3.65024504092605,,4.05767101860135,4234.863183909102,1.8019320380678858,4.51147497386331,3.45454750469282,-0.0205196702827991,4.05767101860135
1966-06-30,4421.7,,4.17990557610301,4244.292577871425,-0.1697493086080325,5.16448357876028,3.7897697083847,0.192713470630343,4.17990557610301,,4.13814247160963,4245.99469037529,0.26285398093811313,4.48390396290599,3.44961369710581,-0.0416180565246629,4.13814247160963
1966-09-30,4459.2,,4.30976332816238,4274.959368828392,0.7225418699185613,5.1856258318722,3.76797873728244,0.242443133292149,4.30976332816238,,4.094206566156,4283.811892226683,0.8906558912359532,4.46040597827408,3.44578778567332,-0.0600968569949851,4.094206566156
1966-12-31,4495.8,,4.29448765153666,4310.678446420998,0.8355419200719759,5.21158041506626,3.76056392683497,0.278125150018281,4.29448765153666,,3.97236032503952,4324.033797006417,0.9389278939329759,4.43623863733581,3.4418910574054,-0.0791521097029185,3.97236032503952
1967-03-31,4535.6,,3.77797701839631,4370.484114559289,1.387384117874667,5.14605046737934,3.79856758361698,0.162738493526497,3.77797701839631,,3.78616848232139,4370.139168180759,1.066258344378828,4.41114866133272,3.43783156019968,-0.0989164621419183,3.78616848232139
1967-06-30,4538.4,,3.52676317356531,4383.7939687066755,0.3045395841400643,5.00345272631104,3.71027941399751,0.135965331889621,3.52676317356531,,3.47082742162911,4386.163823264557,0.3666852351173331,4.38647290642486,3.43347425249219,-0.117875898149414,3.47082742162911
1967-09-30,4581.3,,3.49978595657183,4426.385965592526,0.9715784361648807,5.11512100333439,3.7307834504206,0.220734519198154,3.49978595657183,,3.37221622750599,4431.848486170868,1.041563077603148,4.36185308307221,3.42985303035926,-0.137745067678545,3.37221622750599
1967-12-31,4615.9,,3.55700114933984,4457.351940255007,0.6995769212894645,5.14648637691508,3.71093615549435,0.278137408309994,3.55700114933984,,3.44321040989792,4462.255165621125,0.686094742298586,4.33245038864256,3.42572840667258,-0.161736699608198,3.44321040989792
1968-03-31,4710.0,,3.89776959986148,4533.302320289924,1.703935005647579,5.43432179072331,3.82442314769266,0.417090098657534,3.89776959986148,,3.83300604057126,4536.129868145814,1.6555463500574032,4.29588780850502,3.42153517462656,-0.192798210459985,3.83300604057126
1968-06-30,4788.7,,4.29320981976139,4591.574090274706,1.2854154845127335,5.57337920684379,3.87237524104068,0.49323952757171,4.29320981976139,,4.1562695632571796,4597.610897625016,1.3553630796803728,4.25015242180111,3.41573229440053,-0.230920842651393,4.1562695632571796
1968-09-30,4825.8,,4.41773657692454,4621.628621919834,0.654558350888549,5.51630865376437,3.8340984549567,0.486383999554779,4.41773657692454,,4.185271465602,4631.940707274824,0.7466880171947815,4.20177491013337,3.40907463033758,-0.27056421538059,4.185271465602
1968-12-31,4844.8,,4.33640349313782,4643.441634748931,0.4719767556752872,5.43959659898532,3.77835080386361,0.482806865003168,4.33640349313782,,4.0500168062681,4656.222217648064,0.5242189377576455,4.15437724345343,3.40262944930582,-0.309506497997394,4.0500168062681
1969-03-31,4920.6,,4.21786552304172,4721.455362096334,1.6800841592062146,5.55638957231768,3.8608391658517,0.491383982503012,4.21786552304172,,4.03488143423203,4729.759799948123,1.5793400499945336,4.10539996704876,3.39660147866259,-0.350575725480154,4.03488143423203
1969-06-30,4935.6,,4.22193134657346,4735.663536676793,0.30092785996711174,5.46358080584924,3.78800305562369,0.494128356063869,4.22193134657346,,3.76937731162013,4756.3164855257455,0.5614806396281192,4.05482553660889,3.38940379418844,-0.391707568303909,3.76937731162013
1969-09-30,4968.2,,3.98186872740166,4777.948368118492,0.8929019368502634,5.4275106437664,3.77964708033892,0.469020334517743,3.98186872740166,,3.37382544490117,4806.052188373427,1.04567690142226,4.00884902890333,3.38284614865827,-0.429081150624714,3.37382544490117
1969-12-31,4943.9,,3.43985163599746,4779.492547415355,0.03231887785072971,5.18262856033952,3.67236670351604,0.364878562961763,3.43985163599746,,2.65064413424091,4816.238652662166,0.2119507631103371,3.96856291686639,3.37623933008546,-0.460699827535603,2.65064413424091
1970-03-31,4936.6,,2.73060506725983,4805.383942563082,0.541718496071901,5.04052854058883,3.62562901080952,0.284093367435639,2.73060506725983,,1.91966471659987,4843.618759664116,0.5684956451818601,3.93608177335853,3.37092806563509,-0.486213163534652,1.91966471659987
1970-06-30,4943.6,,2.16591190400607,4838.795942667208,0.6953034451250192,4.98630624452842,3.60235052195735,0.260409944167843,2.16591190400607,,1.31295801211058,4879.53377040779,0.7414912800892072,3.90693306994893,3.3661699617907,-0.509119746634781,1.31295801211058
1970-09-30,4989.2,,1.72112941246348,4904.782348384635,1.3636947393374619,5.00797858758715,3.64560760548039,0.225333647764688,1.72112941246348,,0.881625247479974,4945.598356252325,1.3539118479963694,3.87878487523947,3.36160054514672,-0.531273358340463,0.881625247479974
1970-12-31,4935.7,,1.5638044659529,4859.703735945209,-0.9190746752355415,4.80647908977579,3.46510544033503,0.260633570017535,1.5638044659529,,0.347754286191275,4918.595373767318,-0.5460003125985637,3.85364158318964,3.35639870808788,-0.549592399845651,0.347754286191275
1971-03-31,5069.7,,1.56780942101398,4991.443675806106,2.710863604430682,5.14184786452771,3.65371605570284,0.348565510418546,1.56780942101398,,0.569059509453609,5041.013632551115,2.4888865515691423,3.82957135865822,3.35335231622941,-0.569666086026441,0.569059509453609
1971-06-30,5097.2,,1.82814386019152,5005.688807407093,0.28539101162324254,4.97795654598871,3.5843120795173,0.275724741315623,1.82814386019152,,0.667155912288194,5063.419100109689,0.44446353832285057,3.79962221257515,3.34756282583958,-0.592020043621472,0.667155912288194
1971-09-30,5139.1,,1.80435094052484,5048.016074482235,0.8455832694295534,4.77913137606478,3.56282621741392,0.105086710762369,1.80435094052484,,0.820043483435143,5097.299924140938,0.6691293641981012,3.77583797537768,3.34266527991988,-0.609379227509529,0.820043483435143
1971-12-31,5151.2,,1.31037216844459,5084.5731683181575,0.724187349971384,4.35886092526089,3.51400601956305,-0.251136893128654,1.31037216844459,,0.984142432730664,5100.998905280013,0.07256746108967348,3.75531057272776,3.33817817369017,-0.624020029563237,0.984142432730664
1972-03-31,5246.0,,1.71573814638998,5157.510622839821,1.4344852971363395,4.56729582552598,3.57667868374062,-0.124921785181166,1.71573814638998,,1.51839282741605,5167.536496483291,1.3044031657094675,3.73249551584866,3.33474522757138,-0.642331430492364,1.51839282741605
1972-06-30,5365.0,,1.82066318552506,5269.068018369277,2.163008545933546,4.53661436294905,3.67902649251364,-0.289872561052899,1.82066318552506,,2.25589497292469,5246.641283048321,1.5308026681352829,3.69929605267351,3.3301320002598,-0.669478835781525,2.25589497292469
1972-09-30,5415.7,,2.17476024303596,5300.428390649563,0.5951787331451469,4.41204202920111,3.64135009666097,-0.365017517124585,2.17476024303596,,2.82855653943329,5266.72763117428,0.3828420324990888,3.6591884115481,3.32416708256586,-0.701761146670493,2.82855653943329
1972-12-31,5506.4,,2.26710138913006,5384.331740319837,1.5829541215628389,4.37087298250685,3.69275161646183,-0.473619827400258,2.26710138913006,,3.48817817252075,5320.8009815580235,1.0266972999263941,3.61416813623753,3.31867700426897,-0.739579029944578,3.48817817252075
1973-03-31,5642.7,,2.60064132908064,5499.67322514256,2.142168989310298,4.49864183528399,3.80030988485728,-0.486955850338285,2.60064132908064,,4.17590857652976,5416.511434459682,1.7987978357655667,3.55856845043736,3.31242831766535,-0.786981111230101,4.17590857652976
1973-06-30,5704.1,,3.34314886844163,5519.572475250837,0.3618260448148867,4.66227995570735,3.76260644780071,-0.273854877088566,3.34314886844163,,4.34609639823691,5466.519780702002,0.9232574664971321,3.49651677518891,3.30446195736165,-0.838581778877499,4.34609639823691
1973-09-30,5674.1,,3.27509525658047,5494.160993899891,-0.4603885801824005,4.48447169776252,3.63570514303708,-0.285182276761032,3.27509525658047,,3.96342536868883,5457.784773710328,-0.15979100674821053,3.43892528963437,3.29657383647372,-0.885824898526548,3.96342536868883
1973-12-31,5728.0,,2.99167212588202,5561.614722595169,1.2277348401361254,4.59487521032169,3.6694986749162,-0.2191122421103,2.99167212588202,,3.51040307860637,5533.7433046706665,1.391746543876623,3.38643564654118,3.29040062447258,-0.930215951663064,3.51040307860637
1974-03-31,5678.7,,2.69944934376736,5529.435684695451,-0.5785916411826347,4.53801052444434,3.54584276257501,-0.113753675394934,2.69944934376736,,2.58632304915784,5535.5332282246345,0.03234561950962347,3.33688073457661,3.28348986711618,-0.970704693518928,2.58632304915784
1974-06-30,5692.2,,2.69093389052398,5543.040446071218,0.24604249242690412,4.83889436212856,3.51587992789707,0.226438177622507,2.69093389052398,,1.66731835179792,5598.849357178247,1.1438126435729068,3.29618967425617,3.27815363783459,-1.00439519515801,1.66731835179792
1974-09-30,5638.4,,2.73154636696847,5488.4796339568475,-0.9843119970925337,4.97465612065815,3.37685169559266,0.54459001859641,2.73154636696847,,0.534598576225676,5608.4174800031105,0.17089445017119348,3.26400339815517,3.27270476290674,-1.02943313360955,0.534598576225676
1974-12-31,5616.5,,2.02197053305792,5505.186746201985,0.3044032839581333,4.83843070540102,3.32611826805837,0.474921401748398,2.02197053305792,,-0.498661734909319,5644.64769814107,0.6459971688473347,3.24520434414602,3.2688526737848,-1.04317866114506,-0.498661734909319
1975-03-31,5548.2,,0.850245166415334,5501.424404913231,-0.06834175591499861,4.31366405814097,3.22089305007173,0.0881989190849318,0.850245166415334,,-1.39013020714378,5626.414487368016,-0.3230176930095782,3.23780132877701,3.2657999691242,-1.04657685644627,-1.39013020714378
1975-06-30,5587.8,,-0.208687728951418,5599.485438995605,1.7824662644604814,3.96610231594737,3.27301357122465,-0.327739339105113,-0.208687728951418,,-1.56698258258666,5676.753742399741,0.8946951054662361,3.2372451019716,3.26481981889274,-1.04584723160442,-1.56698258258666
1975-09-30,5683.4,,-0.166700647289417,5692.890084620537,1.6680933746956195,3.98896702784692,3.33966927693026,-0.392319741464166,-0.166700647289417,,-1.20791453435572,5752.889994387705,1.3411934961931045,3.23230107433646,3.26352259855008,-1.04908944572064,-1.20791453435572
1975-12-31,5760.0,,0.301729986840883,5742.672634615261,0.8744688419193712,4.01869646085714,3.34427973750538,-0.36863873667937,0.301729986840883,,-0.722278911157673,5801.905943072013,0.8520230481049648,3.22268003189806,3.26121026765435,-1.05567695881237,-0.722278911157673
1976-03-31,5889.5,,0.717401721564897,5847.54957865338,1.826274118534108,4.0532599196728,3.42149665907675,-0.435375571034825,0.717401721564897,,-0.120023530936237,5896.577280256148,1.631728230568458,3.21058488282702,3.25872582190753,-1.06451278237032,-0.120023530936237
1976-06-30,5932.7,,0.653616468055475,5894.17470348208,0.7973446689345913,3.63106518965671,3.38943720830607,-0.815511750983332,0.653616468055475,,0.173140228434363,5922.445863702684,0.438705069348505,3.19905225865019,3.25503940416993,-1.07120922310484,0.173140228434363
1976-09-30,5965.3,,1.1217716255295,5899.12528638292,0.08399111240994786,3.61611186582142,3.32974481714222,-0.752155080041194,1.1217716255295,,0.297846838936835,5947.585305175464,0.4244773536361734,3.19522211228165,3.25228770470232,-1.07142943583299,0.297846838936835
1976-12-31,6008.5,,1.38398325585092,5926.478529490255,0.4636830339995419,3.59926862275854,3.30031675872283,-0.730391876684357,1.38398325585092,,0.451838850471404,5981.47337944108,0.5697787005447039,3.19635580880595,3.2503641629096,-1.06777225943454,0.451838850471404
1977-03-31,6079.5,,1.75143846898027,5974.85410670964,0.8162617476578664,3.66372179865879,3.30304700862625,-0.669520494904083,1.75143846898027,,0.806642391258833,6030.852586483098,0.8255358489388074,3.19812657233916,3.24884259794157,-1.06400536637163,0.806642391258833
1977-06-30,6197.7,,2.02975734133679,6074.404332126189,1.6661532422148289,3.67148484701864,3.36557879817793,-0.743792426509647,2.02975734133679,,1.3810841836497,6113.270586821696,1.3666061167424484,3.19652574089891,3.24715088471097,-1.06338685206831,1.3810841836497
1977-09-30,6309.5,,2.73272423451772,6141.665225967051,1.1072837790058525,3.80010973844873,3.39199796019039,-0.649826633146871,2.73272423451772,,1.86798478888318,6193.800744243793,1.3173007194494961,3.19158778361721,3.24448123113362,-1.06482251109015,1.86798478888318
1977-12-31,6309.7,,2.72531412332137,6142.302950200987,0.010383572052080181,3.46764423220952,3.30840681859383,-0.872629555357613,2.72531412332137,,1.98089699537445,6187.139146546426,-0.10755266390443859,3.18971417686319,3.2412094225845,-1.06240385704847,1.98089699537445
1978-03-31,6329.8,,2.63787702771731,6167.118985022109,0.40401841169866437,3.35619309918303,3.27003870603714,-0.933745852815429,2.63787702771731,,2.2364185691473,6191.3358161298065,0.06782891872931734,3.19175636768962,3.23952404154091,-1.05815062762653,2.2364185691473
1978-06-30,6574.4,,3.23727456871325,6368.242504914418,3.261223277526688,3.88900753860964,3.4797440717346,-0.676042290543801,3.23727456871325,,3.11067641849172,6376.061362760061,2.983613748571074,3.18314366415008,3.23847412103864,-1.06538594843023,3.11067641849172
1978-09-30,6640.5,,3.74931202067171,6400.524370394767,0.5069195379327563,3.85397070803112,3.4492759050804,-0.67110816460595,3.74931202067171,,3.52786177110465,6414.215348793585,0.5983942729341644,3.16070815756667,3.23356519267641,-1.08138146916431,3.52786177110465
1978-12-31,6729.8,,4.1093220562874,6464.166577092385,0.9943280114984104,3.96462203538936,3.46438953370036,-0.580284291890106,4.1093220562874,,3.70917966095021,6489.107349996697,1.1675941191653036,3.13938750888283,3.2290513781911,-1.09678047889418,3.70917966095021
1979-03-31,6741.9,,3.26960070207076,6528.44588743027,0.9943943982767617,3.46108754150949,3.44505401152082,-1.05845266101979,3.26960070207076,,3.47605161679246,6515.420616325392,0.4054990141087515,3.11953182402764,3.22407881577146,-1.11011269686323,3.47605161679246
1979-06-30,6749.1,,3.78900852671381,6502.711699247882,-0.3941855171371758,3.90015442811997,3.37796908414649,-0.531377567502219,3.78900852671381,,3.01588711661873,6551.513741137528,0.5539646162167814,3.10406969530498,3.21991170404465,-1.1201080233486,3.01588711661873
1979-09-30,6799.2,,3.1661560210506,6590.533429017801,1.350540110521524,3.84270686230373,3.4125304017991,-0.634165863554049,3.1661560210506,,2.57667889659263,6628.407229731293,1.1736751479424397,3.0895681572872,3.21615203443513,-1.12967727934942,2.57667889659263
1979-12-31,6816.2,,2.86384997925495,6626.429014055624,0.544653713154338,3.86685542298396,3.39196153951112,-0.583033168599003,2.86384997925495,,2.00372442061268,6682.305022406219,0.8131333939950264,3.07564695588332,3.2118483196091,-1.13795246994726,2.00372442061268
1980-03-31,6837.6,,2.84644747192681,6648.357982288505,0.33093191199009736,4.14723457468902,3.37109556581163,-0.27528010441409,2.84644747192681,,1.17225593034959,6758.374553501343,1.1383726250157375,3.06676017831098,3.20775142577954,-1.14146456360862,1.17225593034959
1980-06-30,6696.8,,1.68556325541374,6585.792304831889,-0.9410696238574014,3.75407321707464,3.2192311886782,-0.469211738636235,1.68556325541374,,-0.152391688593298,6707.0209424685345,-0.7598515090615042,3.06743101776164,3.20358124087659,-1.13532289024423,-0.152391688593298
1980-09-30,6688.8,,0.598051796299387,6649.035324803433,0.9602947837444439,3.76577442179855,3.23181729493624,-0.474022151157303,0.598051796299387,,-0.973001304485592,6754.521583115475,0.7082226379549283,3.07593788827004,3.20215205339949,-1.12494107953515,-0.973001304485592
1980-12-31,6813.5,,0.612539887699654,6772.018684355848,1.8496421442316655,4.24049203536624,3.33429806713463,-0.133748284592695,0.612539887699654,,-1.0346422580028,6884.732350246035,1.9277570665560222,3.07536654236565,3.20044617730671,-1.12327449954459,-1.0346422580028
1981-03-31,6947.0,,0.519844172370085,6911.073188779897,2.053368587793194,4.36939415383463,3.42860919149268,-0.128572214150408,0.519844172370085,,-1.00755568990519,7017.707309295702,1.9314470379507882,3.06323496967347,3.19650757383351,-1.13023904824255,-1.00755568990519
1981-06-30,6895.6,,-0.379240766339194,6921.850478800658,0.15594235115695088,3.90824699726653,3.35071361023773,-0.487528749060963,-0.379240766339194,,-1.63152657783769,7009.969515747745,-0.11026098990630047,3.05060934590777,3.19084935326128,-1.1354416953973,-1.63152657783769
1981-09-30,6978.1,,-1.09662910461361,7055.472363405071,1.9304358713562615,4.01178716270883,3.43379695539294,-0.492984993350963,-1.09662910461361,,-2.32615405622846,7144.287124740765,1.9160940527812245,3.04323879000336,3.18683532962753,-1.13754628417145,-2.32615405622846
1981-12-31,6902.1,,-2.28307953417698,7063.362176271247,0.11182543789837752,3.67987347054022,3.35913846210054,-0.726954774983811,-2.28307953417698,,-3.65149490858926,7163.6814639226895,0.27146640166185293,3.03904583192969,3.18131395694823,-1.13449579534594,-3.65149490858926
1982-03-31,6794.9,,-4.01924029930808,7079.439693110718,0.22761846891387344,3.1586850891849,3.28051706885939,-1.14500034744732,-4.01924029930808,,-5.05734068653237,7156.846089138502,-0.09541706758754408,3.04800115342393,3.17727221018228,-1.12023813695478,-5.05734068653237
1982-06-30,6825.9,,-5.1527186451533,7196.727099074828,1.6567328919864635,3.09596677591417,3.33176771271246,-1.27495399128901,-5.1527186451533,,-5.94711798586377,7257.512852157003,1.4065799622444972,3.06376895029771,3.17500370579421,-1.101494306397,-5.94711798586377
1982-09-30,6799.8,,-5.4423673095954,7191.169878653298,-0.07721871824547688,3.24108044253151,3.27419099364951,-1.05430586406103,-5.4423673095954,,-6.78015982262332,7294.369939984331,0.507847365594032,3.08066639464611,3.17194923313097,-1.08058972255155,-6.78015982262332
1982-12-31,6802.5,,-6.10036957394175,7244.437458522975,0.7407359410017557,3.12030832512182,3.25852495261419,-1.1545258211746,-6.10036957394175,,-7.23689046029745,7333.195311966698,0.5322649152950742,3.1013879720564,3.16959684640241,-1.05678206685162,-7.23689046029745
1983-03-31,6892.1,,-6.16420922127861,7344.852047181642,1.3860922843709598,3.18308635463257,3.30189920093136,-1.14865013872963,-6.16420922127861,,-6.99446871969826,7410.419471965023,1.0530765473041048,3.11951543337269,3.16757261886546,-1.03599903679773,-6.99446871969826
1983-06-30,7049.0,,-6.44947284726118,7534.965557693954,2.5883912880894893,2.89243399104349,3.40625716223981,-1.57620891946349,-6.44947284726118,,-6.20519398000215,7515.341519547568,1.4158719081893323,3.12881369954474,3.1647143800307,-1.02295106879838,-6.20519398000215
1983-09-30,7189.9,,-4.77353275934047,7550.316848181968,0.20373404988346963,3.48974918351531,3.40229667282767,-0.973697991000303,-4.77353275934047,,-5.29248060928114,7591.688649702502,1.015883708762308,3.12930720019134,3.16042236598279,-1.01682690750772,-5.29248060928114
1983-12-31,7339.9,,-4.77736817325047,7708.146539526863,2.0903717621188105,3.12171751618294,3.46698564424297,-1.42659462880745,-4.77736817325047,,-4.34570401998837,7673.36158277071,1.075820371945955,3.12381079690999,3.15542750791146,-1.01577059440674,-4.34570401998837
1984-03-31,7483.4,,-3.86381200382914,7784.165521830412,0.986216101545665,3.26004674554159,3.48603717835072,-1.31325896240365,-3.86381200382914,,-3.47994829013294,7753.207615858525,1.0405613266954146,3.11297298313548,3.14968025541302,-1.01906863126225,-3.47994829013294
1984-06-30,7612.7,,-2.94003356304449,7843.295520759081,0.7596189824437964,3.45562513147128,3.49162604304417,-1.1250125656341,-2.94003356304449,,-2.82677937205324,7834.1542564975025,1.0440406687086257,3.09890192320309,3.14335042991838,-1.02483564118488,-2.82677937205324
1984-09-30,7686.1,,-2.72573253343876,7901.473020747399,0.741748157191543,3.29522954596278,3.47329587202497,-1.26136093894695,-2.72573253343876,,-2.4743585129213,7881.106837957423,0.599331847735555,3.08452805275487,3.13658917643082,-1.03033947451486,-2.4743585129213
1984-12-31,7749.2,,-2.87867277947225,7978.886019961756,0.9797287038896278,3.0866272691374,3.4683458037862,-1.46346925883129,-2.87867277947225,,-2.31023191255508,7932.458180332119,0.6515752600557971,3.0717106008423,3.13017080937914,-1.03473671942119,-2.31023191255508
1985-03-31,7824.2,,-1.7422274817477,7962.932396565963,-0.19994800471994822,3.72309742297118,3.43237234199931,-0.77980579359331,-1.7422274817477,,-2.22488515678003,8002.240664760062,0.8797081918561257,3.05855612107761,3.12393321225098,-1.0397081428699,-2.22488515678003
1985-06-30,7893.1,,-2.116670937962,8063.783767506916,1.2665104501508144,3.46721062876208,3.44506375026679,-1.0523423499541,-2.116670937962,,-2.09425070005284,8061.937175740772,0.745997445985332,3.04359086957793,3.11746107564897,-1.04618264749847,-2.09425070005284
1985-09-30,8013.7,,-1.67396661761518,8150.130463246837,1.070796269213668,3.67665352984641,3.47204687925297,-0.878298410928208,-1.67396661761518,,-1.8253521306176,8162.697981521584,1.2498336762535438,3.02605186408415,3.11091867615842,-1.05513872877115,-1.8253521306176
1985-12-31,8073.2,,-2.03943190322866,8241.275195571352,1.118322372083902,3.31335526120261,3.46760657626478,-1.23577147979302,-2.03943190322866,,-1.69413956550636,8212.328303030923,0.6080136937773603,3.00659023270796,3.10357187484255,-1.06496214727868,-1.69413956550636
1986-03-31,8148.6,,-1.69622403246569,8289.203461209005,0.5815637082888345,3.45178254893314,3.45601083733245,-1.08213183019314,-1.69622403246569,,-1.63230089689011,8283.81681618736,0.870502377870752,2.98853368986832,3.09654476387743,-1.07379987659369,-1.63230089689011
1986-06-30,8185.3,,-2.17290789482558,8367.109584735425,0.9398505404167868,3.11590671490881,3.44085572693648,-1.39812578994807,-2.17290789482558,,-1.68291091377705,8325.409220386486,0.5020922736708782,2.97149440299883,3.0894236340747,-1.08149700733928,-1.68291091377705
1986-09-30,8263.6,,-2.20223153650443,8449.681551869466,0.986863698841494,3.10598643908153,3.44875651569252,-1.41841105056083,-2.20223153650443,,-1.66403568630199,8403.436176858539,0.9372146690517961,2.95562875844956,3.08277239013687,-1.0886369354634,-1.66403568630199
1986-12-31,8308.0,,-1.99309785468995,8476.953988079465,0.32276288807553766,3.1608314144338,3.41463468334171,-1.3188019024038,-1.99309785468995,,-1.67536770165509,8449.561219604833,0.5488831208513753,2.93975540440364,3.07587276424383,-1.09545872268287,-1.67536770165509
1987-03-31,8369.9,,-2.41851964724196,8577.344768436313,1.1842789343674582,2.88502007571195,3.42049604261046,-1.60230271385033,-2.41851964724196,,-1.6025979418506,8506.220514901079,0.6705590245891534,2.92460153951794,3.06934496241369,-1.10204881390731,-1.6025979418506
1987-06-30,8460.2,,-1.97469791450476,8630.628847867487,0.6212188138601323,3.10986262981318,3.4178395515726,-1.37397512932486,-1.97469791450476,,-1.41669225717078,8581.777375607871,0.8882541967308879,2.90761564265058,3.06287968865915,-1.11055296722108,-1.41669225717078
1987-09-30,8533.6,,-1.81428542185461,8691.284711492488,0.7027977299706073,3.12144331265823,3.40802770091618,-1.34952235409617,-1.81428542185461,,-1.19432072619827,8636.750501307144,0.6405797225120724,2.88763072787863,3.05608833474757,-1.12162835635705,-1.19432072619827
1987-12-31,8680.2,,-1.37016742084245,8800.78549563948,1.259891808655163,3.34801662295669,3.44934847539295,-1.17715745412245,-1.37016742084245,,-0.848500442252316,8754.481816933581,1.3631436453862937,2.86380985231104,3.04930301007282,-1.13654761599869,-0.848500442252316
1988-03-31,8725.0,,-1.22800957050265,8833.475929826316,0.3714490508038502,3.25098632204144,3.40982313934457,-1.22233476675603,-1.22800957050265,,-0.690904556034297,8785.700807156185,0.35660580346648896,2.83660057976736,3.04145343537525,-1.15345909109136,-0.690904556034297
1988-06-30,8839.6,,-0.609118361256037,8893.773608055208,0.6826042059535798,3.57122013095277,3.41689609878707,-0.911379919638719,-0.609118361256037,,-0.459698009787303,8880.423128381863,1.0781418956188882,2.80913384007441,3.03420475872113,-1.17141634691442,-0.459698009787303
1988-09-30,8891.4,,-0.282557621442379,8916.594517381976,0.2565942234699964,3.63508973264113,3.37933192288643,-0.798230160777177,-0.282557621442379,,-0.310345689279302,8919.079980242053,0.4353041662693222,2.77907751401763,3.02635383194218,-1.19117310173489,-0.310345689279302
1988-12-31,9009.9,,-0.155571286611803,9023.938657472489,1.2038692561521764,3.69980990810577,3.40740671388453,-0.770341090476416,-0.155571286611803,,-0.0560532525637427,9014.95317447139,1.0749224633226606,2.74696304338348,3.01889584820094,-1.21350350012065,-0.0560532525637427
1989-03-31,9101.5,,0.000131936502612007,9101.487991815058,0.8593734652479387,3.73791273565336,3.40988720521056,-0.7354924006673,0.000131936502612007,,0.115843771041796,9090.96867905795,0.8432157451668474,2.71014749200507,3.01073758793217,-1.23961629179077,0.115843771041796
1989-06-30,9171.0,,-0.370354003826719,9205.091424647091,1.13831312995417,3.52180777634734,3.41656172618197,-0.9603536133621,-0.370354003826719,,0.150635045530294,9157.20603851458,0.7286061782306422,2.67073463926489,3.00232483326338,-1.26799251555141,0.150635045530294
1989-09-30,9238.9,,-0.889519533824227,9321.819404510941,1.2680806140752185,3.30526038171524,3.43179932828036,-1.19689110250174,-0.889519533824227,,0.0580180527761058,9233.54287821981,0.8336258830931987,2.62910678100101,2.99384591409329,-1.29849694412883,0.0580180527761058
1989-12-31,9257.1,,-1.03376136420445,9353.79592839427,0.3430287854306003,3.32698182532003,3.39744379598727,-1.13009889691217,-1.03376136420445,,-0.188931655873603,9274.622698239815,0.4448977013677364,2.58575385828009,2.98516052101302,-1.33045556560809,-0.188931655873603
1990-03-31,9358.3,,-0.84247927685044,9437.811606976966,0.8981987550921403,3.64933027823197,3.41933844088856,-0.836473862419957,-0.84247927685044,,-0.370358790115802,9393.08812754368,1.2773072626053958,2.54056398421262,2.9768491968283,-1.364741876578,-0.370358790115802
1990-06-30,9392.3,,-0.865793091944738,9474.32807800757,0.38691671916409576,3.69227902435296,3.38953937799023,-0.754431951920037,-0.865793091944738,,-0.733974714062697,9461.746829235215,0.7309491911419874,2.49393912481697,2.96767249533255,-1.3993278909518,-0.733974714062697
1990-09-30,9398.5,,-1.06718297869475,9499.881114247486,0.2697081632546813,3.63097905005286,3.34612731568338,-0.758779971268379,-1.06718297869475,,-1.28429810453599,9520.775134590682,0.6238626589868072,2.45288628608802,2.9587824203363,-1.42871790778748,-1.28429810453599
1990-12-31,9312.9,,-2.020080070836,9504.90672653427,0.0529018439951418,3.12467032807673,3.26185769262644,-1.15453601453928,-2.020080070836,,-2.06090444766471,9508.86869791799,-0.1250574297195014,2.42142053468716,2.95053052354084,-1.44935805843157,-2.06090444766471
1991-03-31,9269.4,,-2.8262890227146,9538.999701438535,0.35868815849703056,2.85250855013873,3.21319756845077,-1.36286094500361,-2.8262890227146,,-2.70242041696588,9526.855693352021,0.18916020407317574,2.399617760075,2.94406629025614,-1.46268045447462,-2.70242041696588
1991-06-30,9341.6,,-3.07173042795898,9637.642393952927,1.034098916047933,2.92218635450081,3.23226965778727,-1.31820366984492,-3.07173042795898,,-2.97446434342453,9627.980857601084,1.0614747142609606,2.38018206304716,2.93857122275163,-1.47490721416237,-2.97446434342453
1991-09-30,9388.8,,-2.78600421899387,9657.868627424943,0.20986702603436563,3.08107065413469,3.20104630384214,-1.11835768922117,-2.78600421899387,,-3.11836211117929,9691.000487393065,0.6545466876601486,2.36026351436554,2.93257525585987,-1.48695969940067,-3.11836211117929
1991-12-31,9421.6,,-2.88680143459226,9701.667887763328,0.4535085537818364,2.94100299003462,3.16879314061801,-1.21611267335666,-2.88680143459226,,-3.15995327159567,9729.0328932034,0.39245076769743303,2.34296283672126,2.92683221397467,-1.49672612399748,-3.15995327159567
1992-03-31,9534.3,,-2.77473974153247,9806.40213731867,1.0795489060952392,2.93699135765247,3.18813806835033,-1.24550276956227,-2.77473974153247,,-2.95480713872814,9824.597920712551,0.9822664653124048,2.32669189770555,2.92165862750593,-1.50620987420322,-2.95480713872814
1992-06-30,9637.7,,-2.44810860617019,9879.562417802172,0.7460460978352857,2.91487223355443,3.18375817921966,-1.26187595036233,-2.44810860617019,,-2.67464891651025,9902.55867839858,0.7935261912517503,2.3095408355679,2.91605635501568,-1.51601135759392,-2.67464891651025
1992-09-30,9733.0,,-2.38608522245818,9970.914517854462,0.9246573500834557,2.6833981315248,3.17887096272384,-1.4869385501753,-2.38608522245818,,-2.40525253735507,9972.872775479413,0.7100598882005685,2.29441158876853,2.91044364947077,-1.52377733860111,-2.40525253735507
1992-12-31,9834.5,,-1.81361819274775,10016.154805771244,0.45372255308951237,2.74922000696735,3.16016214533261,-1.39657271923637,-1.81361819274775,,-2.20671295064187,10056.416239528118,0.8377071073654552,2.28339161964163,2.9050449899645,-1.5277148473089,-2.20671295064187
1993-03-31,9851.0,,-1.45158487572257,9996.101903391445,-0.20020559554695205,2.64655049535164,3.08682172542567,-1.40302749078376,-1.45158487572257,,-2.21007027665325,10073.634399645278,0.171215666764879,2.27955406783552,2.89981232734939,-1.52468770875712,-2.21007027665325
1993-06-30,9908.3,,-1.12178686416496,10020.711019917364,0.24618713138137654,2.65534868580404,3.05173079770045,-1.34819377866237,-1.12178686416496,,-2.1783844691887,10128.947417433665,0.5490870086602956,2.28461341820195,2.89584222626154,-1.51442001291493,-2.1783844691887
1993-09-30,9955.6,,-1.20173850018114,10076.695529726758,0.5586879982679659,2.4158838360589,3.02363746590962,-1.55080319971843,-1.20173850018114,,-2.08134000585039,10167.214298678946,0.3777972149348637,2.29507326437098,2.89239253686001,-1.49943454541042,-2.08134000585039
1993-12-31,10091.0,,-1.01649538977244,10194.627922840124,1.170347886025328,2.38911145040143,3.05006855584137,-1.61225033158996,-1.01649538977244,,-1.77489687487537,10273.341212119187,1.0438150541789046,2.30821599968726,2.88959273958564,-1.48261877730622,-1.77489687487537
1994-03-31,10189.0,,-0.814493254883473,10272.670205923672,0.7655236039434273,2.26710999779136,3.04302030286134,-1.72500523462654,-0.814493254883473,,-1.47632164189736,10341.676406930508,0.6651701077611258,2.32170576005869,2.88631889879675,-1.46483409005917,-1.47632164189736
1994-06-30,10327.0,,-0.140867815391061,10341.567940835437,0.6706896408689872,2.47698189670233,3.0492333880465,-1.52328423499963,-0.140867815391061,,-1.1730681890748,10449.580707167479,1.0433927343216656,2.33731232007426,2.88322780955891,-1.44517235354033,-1.1730681890748
1994-09-30,10387.4,,-0.0833907641649603,10396.069361683827,0.5270131295389143,2.29057818602402,3.0221818614466,-1.67419925330936,-0.0833907641649603,,-1.05680671771324,10498.347238869232,0.46668410023670326,2.3556350490655,2.87977448944831,-1.42231924011394,-1.05680671771324
1994-12-31,10506.4,,-0.095540690632447,10516.447486558656,1.1579196010224753,2.21317825412546,3.04464364544014,-1.781066629097,-0.095540690632447,,-0.975522969634767,10609.902031371777,1.0625938537213142,2.37822848968445,2.87690788977772,-1.39596512915064,-0.975522969634767
1995-03-31,10543.6,,-0.0912493182970593,10553.229750205386,0.3497594001562056,2.1238342372825,3.01137959507764,-1.8267717908133,-0.0912493182970593,,-1.11635083420617,10662.632385584813,0.4969919048933775,2.40439235567224,2.87369396081092,-1.36558493415177,-1.11635083420617
1995-06-30,10575.1,,-0.2714342278191,10603.88256676394,0.4799745457789113,2.05575322471944,2.98867346955288,-1.86506480968753,-0.2714342278191,,-1.33522171927075,10718.211893114323,0.5212550289612338,2.43626615182168,2.87108891788134,-1.33029360196075,-1.33522171927075
1995-09-30,10665.1,,-0.594730256863159,10728.908062478591,1.1790539448873452,1.99890401149949,3.01418403858618,-1.95538114474355,-0.594730256863159,,-1.46464846998094,10823.628103413068,0.9835242235364564,2.47036703257093,2.86889467911414,-1.29331411603168,-1.46464846998094
1995-12-31,10737.5,,-0.630050968615706,10805.58066564847,0.7146356621138314,2.06175042358202,3.01503352243503,-1.89364916407297,-0.630050968615706,,-1.56424563609721,10908.129946670608,0.7807164330682558,2.50399659621173,2.8662835310794,-1.2562590071082,-1.56424563609721
1996-03-31,10817.9,,-0.894213871754005,10915.507986588489,1.01731988628325,1.99008724851619,3.02830962494319,-1.98272915722579,-0.894213871754005,,-1.56333073456312,10989.705442825649,0.7478412574278106,2.53693620643065,2.86354895053792,-1.21973192143811,-1.56333073456312
1996-06-30,10998.3,,-0.747895830485277,11081.175650660036,1.517727477961603,2.18528406398676,3.09083589309331,-1.86956007823586,-0.747895830485277,,-1.36262433216143,11150.23582646479,1.460734179585673,2.56625971800335,2.86059952652351,-1.18653908289322,-1.36262433216143
1996-09-30,11097.0,,-0.654331461181755,11170.089409246833,0.802385607717548,2.19219430014137,3.09305878564859,-1.86556603794811,-0.654331461181755,,-1.25474645334987,11238.008513247125,0.7871823354086261,2.59153460856571,2.85633570733582,-1.15567052030986,-1.25474645334987
1996-12-31,11212.2,,-0.356761522574629,11252.344033900681,0.7363828671394127,2.37470885110608,3.10117806935514,-1.69370311363562,-0.356761522574629,,-1.15817552003409,11343.57854986032,0.9394016429935191,2.61650295168717,2.85194932691641,-1.124947718018,-1.15817552003409
1997-03-31,11284.6,,-0.608595117677282,11353.698052020418,0.9007369292511929,2.21462678607182,3.09996098664875,-1.85218849710758,-0.608595117677282,,-1.07361297933755,11407.06776003355,0.559692956628851,2.64023886374263,2.84716474502297,-1.09493494930155,-1.07361297933755
1997-06-30,11472.1,,-0.253120813095393,11501.211961232097,1.2992586955879835,2.5074214154719,3.15233817210751,-1.62810709965817,-0.253120813095393,,-0.791637777408937,11563.642159781215,1.3726086584341037,2.66066059401361,2.84245693492293,-1.06833707870248,-0.791637777408937
1997-09-30,11615.6,,-0.464658397997823,11669.824821062703,1.4660442777592528,2.34436215025366,3.18808709773817,-1.83806510900195,-0.464658397997823,,-0.558134509514957,11680.794545343102,1.0131097446905395,2.67516269598545,2.83647226220424,-1.04598373002721,-0.558134509514957
1997-12-31,11715.4,,-0.410839456233361,11763.73004454778,0.8046840884499715,2.34850479426734,3.18862295749843,-1.83462545533945,-0.410839456233361,,-0.434411274833678,11766.515068110877,0.733858663766585,2.68729188550682,2.8299185002287,-1.02525670992691,-0.434411274833678
1998-03-31,11832.5,,-0.432868430317285,11883.941832470033,1.0218849588270575,2.38547366490208,3.20569923252842,-1.82005882027182,-0.432868430317285,,-0.321252915174227,11870.634760216883,0.8848813051553925,2.6972190436002,2.82322466541525,-1.00654796076203,-0.321252915174227
1998-06-30,11942.0,,-0.374568913450616,11986.899198082678,0.8663570308913707,2.48172541120239,3.2155491481238,-1.73672910345957,-0.374568913450616,,-0.192532465901081,11965.03657997339,0.7952550277503663,2.70301773670649,2.8160693038027,-0.991362203080437,-0.192532465901081
1998-09-30,12091.6,,-0.142914699725338,12108.905405800726,1.0178295963109736,2.71278079359043,3.24332842745928,-1.54211714672876,-0.142914699725338,,0.03286950021959,12087.626857463543,1.0245708541780818,2.70297779943186,2.80850400205516,-0.981477278428968,0.03286950021959
1998-12-31,12287.0,,-0.00500664649348437,12287.615197455416,1.4758542218777242,2.86796370551239,3.29686718295137,-1.45717132166545,-0.00500664649348437,,0.324408171337609,12247.268859055537,1.3207059042645948,2.69492518749126,2.80007866952876,-0.978476760594126,0.324408171337609
1999-03-31,12403.3,,0.107638697403331,12389.963604567296,0.8329395530963154,2.90889701057526,3.29962271132243,-1.41985297335232,0.107638697403331,,0.496503587592656,12342.021420863955,0.7736627888131886,2.68031593341298,2.79041401268216,-0.980407024730371,0.496503587592656
1999-06-30,12498.7,,0.127494513391298,12482.785133835936,0.7491670858050247,2.92632191541543,3.29531570638835,-1.39677774143834,0.127494513391298,,0.65453866147493,12417.423164628563,0.6109351231326001,2.66207999888002,2.78046860007397,-0.985595647969179,0.65453866147493
1999-09-30,12662.4,,0.0708750957733173,12653.43186804491,1.3670565693421906,2.95406259157758,3.33318180110639,-1.41871330745371,0.0708750957733173,,0.953808649047346,12542.766012938819,1.009411104449588,2.63781585488644,2.77037188291478,-0.996613985376877,0.953808649047346
1999-12-31,12877.6,,0.376762285441146,12829.264171103669,1.3896016898214507,3.16648426909014,3.38273013619614,-1.27129371456961,0.376762285441146,,1.30426371960914,12711.80454520921,1.3476974065849217,2.60460946933986,2.75938351230771,-1.01540481094882,1.30426371960914
2000-03-31,12924.2,,0.558520361886622,12852.41663609292,0.18046603983257956,3.19191439701329,3.33902434695213,-1.18852629355584,0.558520361886622,,1.42368608118966,12742.782775272217,0.24369655742293306,2.56516155021652,2.7471194964282,-1.03876366074943,1.42368608118966
2000-06-30,13160.8,,0.231860609940213,13130.355876776784,2.1625445902783733,3.12291810988623,3.42357754649401,-1.36844728122579,0.231860609940213,,1.65558070086854,12946.460892026123,1.5983801995679512,2.52133204385102,2.73532691707357,-1.06712257178999,1.65558070086854
2000-09-30,13178.4,,0.281343753048986,13141.427414906693,0.08432016796658638,3.09935640228395,3.36984390971847,-1.32151623869324,0.281343753048986,,1.51650847763972,12981.533937312972,0.27090836313768385,2.47217742226466,2.72191532066469,-1.09868262186969,1.51650847763972
2000-12-31,13260.5,,0.110680123348516,13245.839488515565,0.7945261219525824,3.14501916019203,3.36908604013011,-1.274859237426,0.110680123348516,,1.26251982018675,13095.170872250515,0.8753737076549613,2.42441422462881,2.70919024516654,-1.12975188956953,1.26251982018675
2001-03-31,13222.7,,-0.138302673134149,13241.012674478836,-0.036440227445863296,3.11215370091421,3.30756872766835,-1.22702060153066,-0.138302673134149,,0.788840064785859,13119.21041208591,0.18357561019944565,2.37725302831566,2.6961925967157,-1.15986156955943,0.788840064785859
2001-06-30,13300.0,,-0.567404822190497,13375.895475941654,1.0186743625946035,3.09522472620516,3.31911521590189,-1.25909732649123,-0.567404822190497,,0.392864015084456,13247.953557736553,0.9813330345859897,2.33215251436778,2.68403172790356,-1.18900833203916,0.392864015084456
2001-09-30,13244.8,,-1.09648309658837,13391.637036461265,0.11768603117394567,2.84768984512751,3.25595801212943,-1.42377675143542,-1.09648309658837,,-0.0896913859046435,13256.69010908392,0.06594642190804581,2.28825912011203,2.67145903235221,-1.21640770245422,-0.0896913859046435
2001-12-31,13280.9,,-0.972424996052496,13411.314979156652,0.14694202539846513,3.05143922538966,3.22283823710435,-1.17657778976642,-0.972424996052496,,-0.359001901045303,13328.750467564141,0.5435773023829152,2.24788569519829,2.65996725101524,-1.24170514667872,-0.359001901045303
2002-03-31,13397.0,,-1.14841688310969,13552.640815229308,1.0537806046036429,2.9847070258675,3.23523076023199,-1.25956764629448,-1.14841688310969,,-0.391005250046078,13449.588597525924,0.9065975858415674,2.20667489645029,2.64862435762484,-1.2680352897042,-0.391005250046078
2002-06-30,13478.2,,-0.598565059246198,13559.361600799231,0.04959022866134854,3.18852526219251,3.19612431724512,-1.00444596431492,-0.598565059246198,,-0.387367625264687,13530.613215095065,0.6024319404390223,2.16540664407278,2.6369125331034,-1.29393888840934,-0.387367625264687
2002-09-30,13538.1,,-0.537028783689493,13611.196040542116,0.38227787759439413,3.06104934889728,3.16035671427986,-1.08499863083114,-0.537028783689493,,-0.406390359584293,13593.342031561588,0.46360660429300193,2.12773241217093,2.62545958590254,-1.31658808583027,-0.406390359584293
2002-12-31,13559.0,,-0.718864597923471,13657.176607708703,0.33781430397174605,2.78468165812358,3.11332485604149,-1.29966558385237,-0.718864597923471,,-0.441154871569438,13619.081240354824,0.18935158648604822,2.09486315040347,2.61452770981121,-1.33511590234939,-0.441154871569438
2003-03-31,13634.3,,-0.950698876390675,13765.165271570137,0.790710019818298,2.53085123772923,3.09879379067817,-1.53443280991783,-0.950698876390675,,-0.318452348210826,13677.85745826076,0.4315725625585897,2.06525063847675,2.60445572269278,-1.35151505084294,-0.318452348210826
2003-06-30,13751.5,,-0.867131459054121,13871.78662576487,0.7745737307996073,2.43981177518644,3.093302893824,-1.61826880656505,-0.867131459054121,,0.00586049712740078,13750.69414096487,0.5325152928839756,2.03464174318483,2.59467266580599,-1.36928962807899,0.00586049712740078
2003-09-30,13985.1,,-0.166861646168854,14008.474771607052,0.9853679957007434,2.71051083785105,3.12353669195673,-1.38723323413284,-0.166861646168854,,0.530416101541505,13911.31216036572,1.1680720824292865,1.99981538393647,2.58486836439424,-1.39125379874049,0.530416101541505
2003-12-31,14145.6,,0.371292038644356,14093.272800108765,0.6053337703372604,2.75005509650515,3.11386289490827,-1.33499799457528,0.371292038644356,,0.940064012483958,14013.860738438321,0.7371596359167983,1.96094367067392,2.57409244776857,-1.41598866879363,0.940064012483958
2004-03-31,14221.1,,1.00355235030725,14079.801817937487,-0.09558448461435182,2.85117650753194,3.06037984614752,-1.16371257792776,1.00355235030725,,1.17655817492187,14055.72620429869,0.29874327026481934,1.92330199631948,2.56323974733215,-1.43939276784029,1.17655817492187
2004-06-30,14329.5,,1.25291207267696,14152.185558588793,0.5140963032525834,2.82719018056633,3.04168413090625,-1.16317213800803,1.25291207267696,,1.42254909477026,14128.514938635954,0.517858225745767,1.88753454604522,2.55300042924221,-1.46172733445025,1.42254909477026
2004-09-30,14465.0,,1.13272849101691,14302.986002483707,1.0655629356371374,2.60085619864556,3.04864757948231,-1.39864141524857,1.13272849101691,,1.73061561500765,14218.925062580742,0.6399124347991588,1.85062953310823,2.54289796494101,-1.48537900116939,1.73061561500765
2004-12-31,14609.9,,1.50941461548405,14392.65515946679,0.6269261325398253,2.66950668392169,3.04308805197259,-1.32269742804091,1.50941461548405,,2.06420488528556,14314.42102196427,0.6716116651802352,1.81122540692236,2.53268232509058,-1.5113813069936,2.06420488528556
2005-03-31,14771.6,,1.98473267539498,14484.128763680941,0.6355575340383489,2.81911290448024,3.04278999026169,-1.17270018258675,1.98473267539498,,2.36813599397419,14429.880798913364,0.8065976037167729,1.76902731726899,2.52228964916653,-1.53994532400443,2.36813599397419
2005-06-30,14839.8,,1.77493526955925,14580.99674610018,0.6687870841229732,2.5496637137511,3.02072881947169,-1.41320749084703,1.77493526955925,,2.52928653988647,14473.718193900573,0.30379596060495867,1.72488514485698,2.51155220116106,-1.57000111989781,2.52928653988647
2005-09-30,14972.1,,1.55506257362447,14742.839618798582,1.109957539368414,2.40111093995525,3.03575567474267,-1.58147388198753,1.55506257362447,,2.71731224582845,14576.023917144548,0.70683788279841,1.67887495895023,2.50122702145681,-1.60246578094032,2.71731224582845
2005-12-31,15066.6,,1.75992850861485,14806.02455290098,0.42858048880781374,2.50928891185882,3.01954307510122,-1.45202672370198,1.75992850861485,,2.86456854943219,14647.025902567853,0.48711490751460307,1.62816853809738,2.49056812378396,-1.63918887485955,2.86456854943219
2006-03-31,15267.0,,1.79356938043259,14998.000456141508,1.2966066789542974,2.60081337542913,3.06101601481819,-1.41491029487978,1.79356938043259,,3.05156391166872,14814.913447685474,1.146222763818473,1.57190492797963,2.47986150936758,-1.68140655881011,3.05156391166872
2006-06-30,15302.7,,1.98492010822235,15004.865409279511,0.04577245585555514,2.69509425204084,3.01768519063271,-1.26378403899096,1.98492010822235,,2.98355334307666,14859.36297907783,0.3000323393674672,1.51062519101148,2.4681355031989,-1.72730303731054,2.98355334307666
2006-09-30,15326.4,,1.42928471695836,15110.428948374038,0.7035287302826605,2.46978418996825,3.00134376557975,-1.46765590960226,1.42928471695836,,2.84245012884321,14902.795470935163,0.2922904024788036,1.44805383456621,2.45682918308696,-1.77504171823964,2.84245012884321
2006-12-31,15456.9,,0.902707766169328,15318.617648814368,1.3777815385097514,2.35735842260497,3.03691666915015,-1.6267494990866,0.902707766169328,,2.79736858540161,15036.27983157835,0.8957001450064837,1.38052038948023,2.44577439445239,-1.82807247004496,2.79736858540161
2007-03-31,15493.3,,1.07711796541253,15328.197233820652,0.06253557093662133,2.57883634159975,3.00281153382319,-1.36052931198589,1.07711796541253,,2.66662280824823,15090.88307008699,0.36314327160874865,1.30637284656266,2.43397922360528,-1.88674601787829,2.66662280824823
2007-06-30,15582.1,,0.256332064094067,15542.260203613207,1.396530632579795,2.26107281981924,3.02734250952653,-1.71047483455006,0.256332064094067,,2.58594142701691,15189.313256032874,0.6522493447781865,1.22717309853644,2.42231555335277,-1.95064428545195,2.58594142701691
2007-09-30,15666.7,,0.0651571821919106,15656.498666638905,0.7350183405058464,2.28761700065314,3.02730289581203,-1.68387868478485,0.0651571821919106,,2.48710560098243,15286.508393549386,0.6398915861315053,1.14154479959717,2.4102788403006,-2.02048171192198,2.48710560098243
2007-12-31,15762.0,,0.0931867874420504,15747.325573190303,0.5801227240221536,2.43202233586552,3.02377307222947,-1.53484260081327,0.0931867874420504,,2.29211946768305,15408.811628915031,0.800073059308004,1.05137001571309,2.39797023985383,-2.09450893632804,2.29211946768305
2008-03-31,15671.4,,-0.582229142095343,15763.177814958999,0.10066624770675121,2.06811062178739,2.95777976915689,-1.81217820161806,-0.582229142095343,,1.82240943606803,15390.91452146368,-0.11614852515795315,0.961032589667642,2.38534722985392,-2.16828633138971,1.82240943606803
2008-06-30,15752.3,,-1.19148693273746,15942.249823430535,1.1360146448490824,1.87533404075402,2.97236342151606,-2.02408696546092,-1.19148693273746,,1.39684578578078,15535.295874271658,0.938094696105481,0.874122478625247,2.3739557136169,-2.24025199876627,1.39684578578078
2008-09-30,15667.0,,-1.63458787641969,15927.346474507662,-0.09348334825972646,1.57774011633977,2.89773289653542,-2.22377367075527,-1.63458787641969,,0.662667402642114,15563.863350981284,0.1838875612078773,0.792608309914548,2.36228962794855,-2.30646151825871,0.662667402642114
2008-12-31,15328.0,,-2.93064228875699,15790.771013028596,-0.8574903653766817,0.740804816209434,2.73883740199054,-2.85225517794222,-2.93064228875699,,-0.431053915127109,15394.357982793514,-1.0890957107836827,0.727528799701927,2.35200464487247,-2.35804823725841,-0.431053915127109
2009-03-31,15155.9,,-3.38537645315478,15686.962742913765,-0.6573983628106617,0.644932855493184,2.6412868018394,-2.82015124693382,-3.38537645315478,,-1.25747793275445,15348.909145422213,-0.2952304826359106,0.67933461664306,2.34507463541287,-2.39715099352054,-1.25747793275445
2009-06-30,15134.1,,-2.90659104359509,15587.154846726242,-0.6362474229283772,1.05663370765891,2.57899335718979,-2.32672809767016,-2.90659104359509,,-1.62692244652806,15384.392128805432,0.23117592948813467,0.637501773679106,2.33979720139147,-2.43206041085861,-1.62692244652806
2009-09-30,15189.2,,-2.98744000333488,15656.941740865452,0.4477205418528778,0.982820464938734,2.56106342667019,-2.37701920066745,-2.98744000333488,,-1.6225370896168,15439.715104095112,0.35960455783036643,0.596579546144447,2.33511006795077,-2.46683362361758,-1.6225370896168
2009-12-31,15356.1,,-2.19740477821108,15701.117097329228,0.2821454993887888,1.33200665934933,2.55896047218575,-2.02507415623455,-2.19740477821108,,-1.34375251352583,15565.258553043313,0.813120242839864,0.554358309707994,2.33070391251359,-2.50327445818796,-1.34375251352583
2010-03-31,15415.1,,-2.31114361970288,15779.79369518863,0.5010891732842638,0.96512156811918,2.5275784541519,-2.35078941626142,-2.31114361970288,,-1.08296215708333,15583.867386404816,0.11955364119450593,0.511635749580879,2.32592259221369,-2.53972444051389,-1.08296215708333
2010-06-30,15557.3,,-2.18680622400598,15905.114023398935,0.7941822981406718,0.803881562544485,2.52892007857405,-2.51378948872979,-2.18680622400598,,-0.734393527498469,15672.397069683615,0.5680854507016099,0.470830314604804,2.32192908982384,-2.57529083002378,-0.734393527498469
2010-09-30,15672.0,,-2.03338096509617,15997.2857636501,0.5795100878595704,0.613627788960144,2.51416171374782,-2.68468187554554,-2.03338096509617,,-0.449072116747402,15742.696058422669,0.4485528820287425,0.430750134786042,2.31798683712379,-2.61019919845531,-0.449072116747402
2010-12-31,15750.6,,-1.65336711814427,16015.39324576701,0.11319096492016255,0.572877137390723,2.47742005746584,-2.67723142718486,-1.65336711814427,,-0.309294541166764,15799.466888619952,0.360616948879667,0.394217384406385,2.31440989335287,-2.6420393834584,-0.309294541166764
2011-03-31,15712.8,,-1.29703165536557,15919.278075950751,-0.6001424276089089,0.541616270083217,2.39336908306599,-2.59822645930037,-1.29703165536557,,-0.35087643273198,15768.12664026402,-0.19836269525338712,0.363807961590504,2.3114525579139,-2.66856910036427,-0.35087643273198
2011-06-30,15825.1,,-0.894789701748778,15967.979839178288,0.30592947114298,0.701889463453669,2.38342432614686,-2.42490681482927,-0.894789701748778,,-0.273849622759485,15868.555980690498,0.6369135834439078,0.338637136004294,2.3099246454029,-2.69173546912736,-0.273849622759485
2011-09-30,15820.7,,-0.819140166752049,15951.364029913864,-0.10405705312613114,0.565798250508843,2.32808791843115,-2.48840261461125,-0.819140166752049,,-0.236906220609967,15858.26922627813,-0.06482476682116842,0.315301052178337,2.30839488677382,-2.71306467422191,-0.236906220609967
2011-12-31,16004.1,,-0.652046789336396,16109.139124450714,0.9891009586451132,0.599708793578178,2.35736538603581,-2.49290095901508,-0.652046789336396,,0.0224581556439034,16000.506581328153,0.8969286182525346,0.293448913525679,2.3079120674721,-2.73428340589825,0.0224581556439034
2012-03-31,16129.4,,0.163740996726915,16103.032733698581,-0.03790637541185897,0.890381561608191,2.33240927637773,-2.16948846019385,0.163740996726915,,0.223719531000711,16093.395930103086,0.5805400491715138,0.270178058269152,2.30688099521957,-2.75620160529468,0.223719531000711
2012-06-30,16198.8,,0.0913524823707803,16184.015500093392,0.5029038177717876,0.640630523021519,2.31205706929984,-2.39253959283096,0.0913524823707803,,0.287371105051079,16152.382719287503,0.36652791890915143,0.250080337226365,2.30599624791664,-2.77513863306784,0.287371105051079
2012-09-30,16220.7,,-0.034418603566678,16226.28486065979,0.2611796841528918,0.403892862355764,2.27653714978176,-2.58267894075163,-0.034418603566678,,0.233004666558031,16182.992871420838,0.18950858622724048,0.235359964794537,2.30568556184354,-2.78945141879914,0.233004666558031
2012-12-31,16239.1,,0.145902102783452,16215.441330123735,-0.06682694547256555,0.417763988087958,2.2344216178095,-2.51355676837025,0.145902102783452,,0.172954792583141,16211.06219101201,0.17344949611108182,0.225848436932258,2.30620944620233,-2.79965022657432,0.172954792583141
2013-03-31,16383.0,,0.178690382930426,16353.77737258933,0.8531130275720914,0.406084993209948,2.25334286602061,-2.55005840512445,0.178690382930426,,0.248565456772099,16342.378492253305,0.8100413143446059,0.218703240097839,2.30745773847727,-2.80843304856708,0.248565456772099
2013-06-30,16403.2,,0.149856050657604,16378.655593576656,0.15212522722135546,0.245120578755355,2.2159916667774,-2.66202206486581,0.149856050657604,,0.243727666625546,16363.318066693531,0.12813051937422837,0.212861187753878,2.30841826282837,-2.81553520551486,0.243727666625546
2013-09-30,16531.7,,0.48130477135021,16452.513268631054,0.4509385683850836,0.396564642644936,2.21790384524371,-2.51308657338874,0.48130477135021,,0.344525971086796,16474.939554513847,0.6821445831790908,0.209786719736239,2.31019249048379,-2.82093726932353,0.344525971086796
2013-12-31,16663.6,,0.862760431749962,16521.06280719496,0.4166508632733142,0.525444034333957,2.21605854245432,-2.38178634298004,0.862760431749962,,0.439893061696466,16590.619018047113,0.7021540998708677,0.20706299023776,2.3118279131802,-2.82580649744115,0.439893061696466
2014-03-31,16616.5,,0.615806924432945,16514.80071364905,-0.03790369674755726,0.212248162683904,2.15755742817531,-2.6182350469536,0.615806924432945,,0.415949387158321,16547.670067764153,-0.25887491139565494,0.207214517974428,2.31341327004735,-2.82773478734231,0.415949387158321
2014-06-30,16841.5,,1.01960703942018,16671.516048788486,0.9489386996351468,0.4912947165269,2.2012779386167,-2.3965450988283,1.01960703942018,,0.711660301009033,16722.492658410938,1.0564785853891898,0.208337095776149,2.31631935092031,-2.83042467497457,0.711660301009033
2014-09-30,17047.1,,1.26006086694804,16834.96914188039,0.9804332888116722,0.516083296761134,2.23130779406782,-2.41115245797081,1.26006086694804,,1.04702045467423,16870.4628036476,0.8848569902779175,0.204041711771472,2.31825525235282,-2.83725975337101,1.04702045467423
2014-12-31,17143.0,,1.32374181668899,16919.035650118858,0.4993564735995682,0.37154348855211,2.21863143314913,-2.53906224453076,1.32374181668899,,1.2517821313462,16931.06001607132,0.359191168191413,0.198607955791554,2.31968297696509,-2.84456653043034,1.2517821313462
2015-03-31,17305.8,,1.41980625490135,17063.530920681143,0.8540396364805245,0.339582495075701,2.23658215535017,-2.5945726541791,1.41980625490135,,1.4469402278005,17058.96694482809,0.7554572993974431,0.193942550047939,2.32148706104506,-2.85159870038168,1.4469402278005
2015-06-30,17422.8,,2.13480460504218,17058.631548152855,-0.028712536409160598,0.660473393447446,2.21517837316301,-2.24560229645561,2.13480460504218,,1.51889222692068,17162.125805170912,0.6047192697919869,0.189535850831191,2.32304580651519,-2.85805030594654,1.51889222692068
2015-09-30,17486.0,,2.16205525957332,17115.943836066705,0.3359723653803632,0.5932955646105,2.19638129010543,-2.2881203747386,2.16205525957332,,1.44699662519724,17236.58716541723,0.43387026229514486,0.188109899130579,2.32471189489753,-2.86166198634685,1.44699662519724
2015-12-31,17514.1,,2.04643743441477,17162.87255128951,0.274181287764675,0.491454631749233,2.17186310513905,-2.35779608688691,2.04643743441477,,1.293076469261,17290.52034994211,0.31289943889293204,0.190903753086815,2.32680084632025,-2.86160861190256,1.293076469261
2016-03-31,17613.3,,2.47333404764186,17188.178918635782,0.14744832061559404,0.784943283779586,2.16198795238033,-2.05135229692551,2.47333404764186,,1.18163617713969,17407.605436587546,0.6771634645791721,0.1969033972592,2.32944795739183,-2.85908169264785,1.18163617713969
2016-06-30,17668.2,,2.73376709044112,17198.04549213687,0.05740325108199633,0.94073605418887,2.13821032596841,-1.86436583894848,2.73376709044112,,1.04378929329084,17485.68627876384,0.4485444161790387,0.204873551188929,2.33204484702626,-2.85451837851369,1.04378929329084
2016-09-30,17764.4,,2.66870573520873,17302.643364196967,0.608196275023933,0.935433882926681,2.14285319510282,-1.87575895497899,2.66870573520873,,0.956376796058748,17596.114840656115,0.6315369047104029,0.215136183896438,2.33495320139941,-2.84807119382782,0.956376796058748
2016-12-31,17876.2,,2.49547429579127,17440.965196581412,0.7994260152796284,0.847665154325471,2.15550964118771,-1.98013157910999,2.49547429579127,,0.907683383045651,17715.40025563953,0.6779076862342682,0.226323758762961,2.33783414453277,-2.84066310638555,0.907683383045651
2017-03-31,17977.3,,2.51718361135738,17535.88946429892,0.544260404442042,0.855789152312403,2.1562292050085,-1.97295157143657,2.51718361135738,,0.861507355887738,17823.747107573425,0.6115969742168362,0.238592806542918,2.34062658332109,-2.83205743785152,0.861507355887738
2017-06-30,18054.1,,2.20633604664181,17664.364753043315,0.7326419854889873,0.663640018769985,2.15813947457483,-2.16760677312009,2.20633604664181,,0.819103782436855,17907.41964832374,0.46944416482862633,0.25227194682375,2.34344717004897,-2.82207860388482,0.819103782436855
2017-09-30,18185.6,,2.15953959235537,17801.17654461398,0.7745072833547193,0.671666224178689,2.17438200674763,-2.18088902235401,2.15953959235537,,0.861658953937763,18030.240815595873,0.6858674766335223,0.266173202312091,2.34645697296094,-2.81212588598597,0.861658953937763
2017-12-31,18359.4,,2.52068073216697,17907.996580673833,0.6000728985083464,0.916910450824083,2.19212956996641,-1.9589276891541,2.52068073216697,,0.967841102866259,18183.413450719825,0.8495318320510744,0.278069891349049,2.34922474664979,-2.80386021823822,0.967841102866259
2018-03-31,18530.5,,2.74943517216627,18034.649016756553,0.7072395592224033,1.05157209236069,2.21032251442802,-1.84813323333408,2.74943517216627,,1.05603948021678,18336.85556579488,0.8438575930251361,0.287862338385922,2.35150125775626,-2.79705430883843,1.05603948021678
2018-06-30,18654.4,,2.82205701839723,18142.410822088783,0.5975264904357416,1.08216031541915,2.21492753783515,-1.82358630552165,2.82205701839723,,1.04831732588582,18460.871485705833,0.6763205363426165,0.297206284940309,2.35337409817093,-2.79016732740525,1.04831732588582
2018-09-30,18752.4,,2.4641559351777,18301.424365280873,0.8764741618489169,0.894738470356298,2.22590357037599,-2.02540752434372,2.4641559351777,,0.949315338727274,18576.054663746694,0.6239314223602439,0.307646148022592,2.35516791360338,-2.78208075716999,0.949315338727274
2018-12-31,18813.9,,2.33185031324945,18385.185005849606,0.4576727958269353,0.88038842680651,2.21853995732542,-2.03009729983773,2.33185031324945,,0.787897529498309,18666.82455053059,0.4886392101388634,0.3194367845198,2.3569734803468,-2.77265882997543,0.787897529498309
2019-03-31,18950.3,,1.92313226685064,18592.737074038465,1.1289093263017072,0.760991256383801,2.25035472313119,-2.19123201998024,1.92313226685064,,0.677709345691369,18822.7365552502,0.8352358179483738,0.331514437825299,2.35894485624941,-2.7631674097497,0.677709345691369
2019-06-30,19020.6,,2.14658288611429,18620.88722165726,0.1514039998882242,0.977141007591455,2.23515129505586,-1.95513700690647,2.14658288611429,,0.530790555174121,18920.17350600755,0.5176556048125328,0.342760006813298,2.36050719955419,-2.75397146708177,0.530790555174121
2019-09-30,19141.7,,1.98376696828723,18769.359643238404,0.7973434338212474,1.00158587482936,2.25274074217073,-1.95376760179776,1.98376696828723,,0.463536183258725,19053.38068638458,0.7040484080906063,0.353389369524837,2.3621519523312,-2.74549984305126,0.463536183258725
2019-12-31,19254.0,,1.69743363069745,18932.63115165589,0.8698832113662607,0.918514027711017,2.26856131970736,-2.05759434447505,1.69743363069745,,0.49855956144188,19158.483548441975,0.5516231674964744,0.361005172804043,2.36348498553623,-2.73963283591322,0.49855956144188
2020-03-31,19010.8,,-1.21195940877317,19244.02983015366,1.6447723298646522,1.16972708031213,2.35589021025152,-1.92094740036939,1.91762130715791,,-2.36256417974209,19470.810391822703,1.6302273746824147,0.363114221127123,2.36462188751338,-2.7390152806625,0.767016536188982
2020-06-30,17282.2,,-12.1692325877162,19676.703858086697,2.2483545897183954,0.360822885228993,2.3640304367231,-2.74053069675922,0.804624709404411,,-12.1692325877162,19676.703858086697,1.057446824865931,0.360822885228993,2.3640304367231,-2.74053069675922,0.804624709404411
